<?xml version="1.0" encoding="UTF-8"?>
<!DOCTYPE hibernate-mapping PUBLIC 
"-//Hibernate/Hibernate Mapping DTD//EN"
"http://www.hibernate.org/dtd/hibernate-mapping-3.0.dtd">

<hibernate-mapping>
 	<class name="Hibernate.Person" table="personinfo">  
    <id name="id"> <!-- Primary key -->  
     	<generator class="assigned"></generator>  
    </id> 
    <property name="pname" column="Person name"/>
    <property name="email" column="Email"/>  
    <property name="phone" column="Phone"/>  
  </class>
</hibernate-mapping>